Workbook

Sheet Sheet1
A1: Hcl | C1: Employee Attendence Tracker
A3: Month | B3: Mar
A4: Year | B4: 2029
A5: =DATEVALUE("1"&B3&B4) -> 47178 | B5: =EOMONTH(A5,0) -> 47208
A6: Emp Id | B6: Emp Name | C6: =TEXT(C7,"ddd") -> Thu | D6: =TEXT(D7,"ddd") -> Fri | E6: =TEXT(E7,"ddd") -> Sat | F6: =TEXT(F7,"ddd") -> Sun | G6: =TEXT(G7,"ddd") -> Mon | H6: =TEXT(H7,"ddd") -> Tue | I6: =TEXT(I7,"ddd") -> Wed | J6: =TEXT(J7,"ddd") -> Thu | ... AG6: =TEXT(AG7,"ddd") -> Sat | AJ6: p | AK6: A
C7: =DATEVALUE("1"&B3&B4) -> 47178 | D7: =IFERROR(IF(C7+1>$B$5," ",C7+1)," ") -> 47179 | E7: =IFERROR(IF(D7+1>$B$5," ",D7+1)," ") -> 47180 | F7: =IFERROR(IF(E7+1>$B$5," ",E7+1)," ") -> 47181 | G7: =IFERROR(IF(F7+1>$B$5," ",F7+1)," ") -> 47182 | H7: =IFERROR(IF(G7+1>$B$5," ",G7+1)," ") -> 47183 | I7: =IFERROR(IF(H7+1>$B$5," ",H7+1)," ") -> 47184 | J7: =IFERROR(IF(I7+1>$B$5," ",I7+1)," ") -> 47185 | K7: =IFERROR(IF(J7+1>$B$5," ",J7+1)," ") -> 47186 | ... AG7: =IFERROR(IF(AF7+1>$B$5," ",AF7+1)," ") -> 47208 | AH7: =IFERROR(IF(AG7+1>AF5,"",AG7+1),"") | AI7: =IFERROR(IF(AH7+1>AG5,"",AH7+1),"")
A8: emp100 | B8: =PROPER(Sheet2!N16) -> Aquib | AJ8: =COUNTIF(C8:AG8,$AJ$6) -> 0 | AK8: =COUNTIF(C8:AF8,$AK$6) -> 0
A9: emp101 | B9: =PROPER(Sheet2!N17) -> Azal | AJ9: =COUNTIF(C9:AG9,$AJ$6) -> 0 | AK9: =COUNTIF(C9:AF9,$AK$6) -> 0
A10: emp102 | B10: =PROPER(Sheet2!N18) -> Arman | G10: p | AJ10: =COUNTIF(C10:AG10,$AJ$6) -> 1 | AK10: =COUNTIF(C10:AF10,$AK$6) -> 0
A11: emp103 | B11: =PROPER(Sheet2!N19) -> Asif | K11: p | AJ11: =COUNTIF(C11:AG11,$AJ$6) -> 1 | AK11: =COUNTIF(C11:AF11,$AK$6) -> 0
A12: emp104 | B12: =PROPER(Sheet2!N20) -> Talib | Z12: a | AJ12: =COUNTIF(C12:AG12,$AJ$6) -> 0 | AK12: =COUNTIF(C12:AF12,$AK$6) -> 1
A13: emp105 | B13: =PROPER(Sheet2!N21) -> Adnan | AJ13: =COUNTIF(C13:AG13,$AJ$6) -> 0 | AK13: =COUNTIF(C13:AF13,$AK$6) -> 0
A14: emp106 | B14: =PROPER(Sheet2!N22) -> Rafi | F14: a | AJ14: =COUNTIF(C14:AG14,$AJ$6) -> 0 | AK14: =COUNTIF(C14:AF14,$AK$6) -> 1
A15: emp107 | B15: =PROPER(Sheet2!N23) -> Shad | L15: a | Y15: p | Z15: p | AJ15: =COUNTIF(C15:AG15,$AJ$6) -> 2 | AK15: =COUNTIF(C15:AF15,$AK$6) -> 1
A16: emp108 | B16: =PROPER(Sheet2!N24) -> Farhan | H16: p | L16: p | Z16: a | AJ16: =COUNTIF(C16:AG16,$AJ$6) -> 2 | AK16: =COUNTIF(C16:AF16,$AK$6) -> 1
A17: emp109 | B17: =PROPER(Sheet2!N25) -> Arjan | L17: a | Z17: a | AJ17: =COUNTIF(C17:AG17,$AJ$6) -> 0 | AK17: =COUNTIF(C17:AF17,$AK$6) -> 2
A18: emp110 | B18: =PROPER(Sheet2!N26) -> Furkan | U18: p | AJ18: =COUNTIF(C18:AG18,$AJ$6) -> 1 | AK18: =COUNTIF(C18:AF18,$AK$6) -> 0

Sheet Sheet2
E5: Jan
E6: Feb
E7: Mar | H7: date | I7: emp-id | J7: status
E8: Apr
E9: May
E10: Jun
E11: July
E12: Aug
E13: Sep
E14: Oct
E15: Nov
E16: Dec | N16: aquib
N17: azal
N18: arman
N19: asif
N20: talib
N21: adnan
N22: rafi
N23: shad
N24: farhan
N25: arjan
N26: furkan
